시도,연도,작물,항목,값
강원도,2019,합계,면적 (ha),1771
강원도,2020,합계,면적 (ha),1761
강원도,2021,합계,면적 (ha),2443
강원도,2022,합계,면적 (ha),2642
강원도,2023,합계,면적 (ha),2655
강원도,2024,합계,면적 (ha),2605
전라남도,2019,합계,면적 (ha),11759
전라남도,2020,합계,면적 (ha),11120
전라남도,2021,합계,면적 (ha),10310
전라남도,2022,합계,면적 (ha),10971
전라남도,2023,합계,면적 (ha),10583
전라남도,2024,합계,면적 (ha),10078
경상북도,2019,합계,면적 (ha),37761
경상북도,2020,합계,면적 (ha),37072
경상북도,2021,합계,면적 (ha),38819
경상북도,2022,합계,면적 (ha),38615
경상북도,2023,합계,면적 (ha),37991
경상북도,2024,합계,면적 (ha),37883
경상남도,2019,합계,면적 (ha),11635
경상남도,2020,합계,면적 (ha),11368
경상남도,2021,합계,면적 (ha),12133
경상남도,2022,합계,면적 (ha),12874
경상남도,2023,합계,면적 (ha),12490
경상남도,2024,합계,면적 (ha),12555
강원도,2019,합계,생산량 (톤),22824
강원도,2020,합계,생산량 (톤),18772
강원도,2021,합계,생산량 (톤),35991
강원도,2022,합계,생산량 (톤),38294
강원도,2023,합계,생산량 (톤),31595
강원도,2024,합계,생산량 (톤),35944
전라남도,2019,합계,생산량 (톤),139165
전라남도,2020,합계,생산량 (톤),90932
전라남도,2021,합계,생산량 (톤),124390
전라남도,2022,합계,생산량 (톤),151616
전라남도,2023,합계,생산량 (톤),114186
전라남도,2024,합계,생산량 (톤),108269
경상북도,2019,합계,생산량 (톤),692022
경상북도,2020,합계,생산량 (톤),580823
경상북도,2021,합계,생산량 (톤),621513
경상북도,2022,합계,생산량 (톤),666555
경상북도,2023,합계,생산량 (톤),568873
경상북도,2024,합계,생산량 (톤),640005
경상남도,2019,합계,생산량 (톤),171482
경상남도,2020,합계,생산량 (톤),149825
경상남도,2021,합계,생산량 (톤),177952
경상남도,2022,합계,생산량 (톤),196532
경상남도,2023,합계,생산량 (톤),138906
경상남도,2024,합계,생산량 (톤),158715
강원도,2019,사과,면적 (ha),542
강원도,2020,사과,면적 (ha),517
강원도,2021,사과,면적 (ha),1053
강원도,2022,사과,면적 (ha),1192
강원도,2023,사과,면적 (ha),1217
강원도,2024,사과,면적 (ha),1226
전라남도,2019,사과,면적 (ha),390
전라남도,2020,사과,면적 (ha),389
전라남도,2021,사과,면적 (ha),122
전라남도,2022,사과,면적 (ha),141
전라남도,2023,사과,면적 (ha),159
전라남도,2024,사과,면적 (ha),157
경상북도,2019,사과,면적 (ha),14723
경상북도,2020,사과,면적 (ha),14323
경상북도,2021,사과,면적 (ha),16469
경상북도,2022,사과,면적 (ha),15677
경상북도,2023,사과,면적 (ha),14867
경상북도,2024,사과,면적 (ha),14137
경상남도,2019,사과,면적 (ha),2388
경상남도,2020,사과,면적 (ha),2639
경상남도,2021,사과,면적 (ha),2708
경상남도,2022,사과,면적 (ha),2763
경상남도,2023,사과,면적 (ha),2621
경상남도,2024,사과,면적 (ha),2580
강원도,2019,사과,10a당 생산량 (kg),1935
강원도,2020,사과,10a당 생산량 (kg),1590
강원도,2021,사과,10a당 생산량 (kg),2232
강원도,2022,사과,10a당 생산량 (kg),2085
강원도,2023,사과,10a당 생산량 (kg),1621
강원도,2024,사과,10a당 생산량 (kg),1852
전라남도,2019,사과,10a당 생산량 (kg),1402
전라남도,2020,사과,10a당 생산량 (kg),757
전라남도,2021,사과,10a당 생산량 (kg),1341
전라남도,2022,사과,10a당 생산량 (kg),1673
전라남도,2023,사과,10a당 생산량 (kg),678
전라남도,2024,사과,10a당 생산량 (kg),337
경상북도,2019,사과,10a당 생산량 (kg),2296
경상북도,2020,사과,10a당 생산량 (kg),1941
경상북도,2021,사과,10a당 생산량 (kg),1876
경상북도,2022,사과,10a당 생산량 (kg),2108
경상북도,2023,사과,10a당 생산량 (kg),1648
경상북도,2024,사과,10a당 생산량 (kg),2024
경상남도,2019,사과,10a당 생산량 (kg),2602
경상남도,2020,사과,10a당 생산량 (kg),1826
경상남도,2021,사과,10a당 생산량 (kg),2493
경상남도,2022,사과,10a당 생산량 (kg),2809
경상남도,2023,사과,10a당 생산량 (kg),1842
경상남도,2024,사과,10a당 생산량 (kg),2037
강원도,2019,사과,생산량 (톤),10486
강원도,2020,사과,생산량 (톤),8215
강원도,2021,사과,생산량 (톤),23503
강원도,2022,사과,생산량 (톤),24852
강원도,2023,사과,생산량 (톤),19729
강원도,2024,사과,생산량 (톤),22699
전라남도,2019,사과,생산량 (톤),5471
전라남도,2020,사과,생산량 (톤),2944
전라남도,2021,사과,생산량 (톤),1635
전라남도,2022,사과,생산량 (톤),2351
전라남도,2023,사과,생산량 (톤),1080
전라남도,2024,사과,생산량 (톤),528
경상북도,2019,사과,생산량 (톤),338085
경상북도,2020,사과,생산량 (톤),277942
경상북도,2021,사과,생산량 (톤),309034
경상북도,2022,사과,생산량 (톤),330532
경상북도,2023,사과,생산량 (톤),244990
경상북도,2024,사과,생산량 (톤),286099
경상남도,2019,사과,생산량 (톤),62136
경상남도,2020,사과,생산량 (톤),48194
경상남도,2021,사과,생산량 (톤),67524
경상남도,2022,사과,생산량 (톤),77610
경상남도,2023,사과,생산량 (톤),48286
경상남도,2024,사과,생산량 (톤),52553
강원도,2019,배,면적 (ha),188
강원도,2020,배,면적 (ha),124
강원도,2021,배,면적 (ha),101
강원도,2022,배,면적 (ha),97
강원도,2023,배,면적 (ha),110
강원도,2024,배,면적 (ha),83
전라남도,2019,배,면적 (ha),2123
전라남도,2020,배,면적 (ha),2049
전라남도,2021,배,면적 (ha),2440
전라남도,2022,배,면적 (ha),2587
전라남도,2023,배,면적 (ha),2485
전라남도,2024,배,면적 (ha),2400
경상북도,2019,배,면적 (ha),1020
경상북도,2020,배,면적 (ha),962
경상북도,2021,배,면적 (ha),1035
경상북도,2022,배,면적 (ha),942
경상북도,2023,배,면적 (ha),921
경상북도,2024,배,면적 (ha),905
경상남도,2019,배,면적 (ha),414
경상남도,2020,배,면적 (ha),286
경상남도,2021,배,면적 (ha),329
경상남도,2022,배,면적 (ha),398
경상남도,2023,배,면적 (ha),386
경상남도,2024,배,면적 (ha),385
강원도,2019,배,10a당 생산량 (kg),1638
강원도,2020,배,10a당 생산량 (kg),953
강원도,2021,배,10a당 생산량 (kg),1594
강원도,2022,배,10a당 생산량 (kg),1613
강원도,2023,배,10a당 생산량 (kg),806
강원도,2024,배,10a당 생산량 (kg),1913
전라남도,2019,배,10a당 생산량 (kg),2383
전라남도,2020,배,10a당 생산량 (kg),1356
전라남도,2021,배,10a당 생산량 (kg),2818
전라남도,2022,배,10a당 생산량 (kg),3435
전라남도,2023,배,10a당 생산량 (kg),2509
전라남도,2024,배,10a당 생산량 (kg),2234
경상북도,2019,배,10a당 생산량 (kg),2096
경상북도,2020,배,10a당 생산량 (kg),1123
경상북도,2021,배,10a당 생산량 (kg),2203
경상북도,2022,배,10a당 생산량 (kg),2901
경상북도,2023,배,10a당 생산량 (kg),2156
경상북도,2024,배,10a당 생산량 (kg),2303
경상남도,2019,배,10a당 생산량 (kg),1265
경상남도,2020,배,10a당 생산량 (kg),1022
경상남도,2021,배,10a당 생산량 (kg),1498
경상남도,2022,배,10a당 생산량 (kg),1692
경상남도,2023,배,10a당 생산량 (kg),628
경상남도,2024,배,10a당 생산량 (kg),1541
강원도,2019,배,생산량 (톤),3080
강원도,2020,배,생산량 (톤),1185
강원도,2021,배,생산량 (톤),1610
강원도,2022,배,생산량 (톤),1565
강원도,2023,배,생산량 (톤),889
강원도,2024,배,생산량 (톤),1590
전라남도,2019,배,생산량 (톤),50582
전라남도,2020,배,생산량 (톤),27788
전라남도,2021,배,생산량 (톤),68762
전라남도,2022,배,생산량 (톤),88866
전라남도,2023,배,생산량 (톤),62346
전라남도,2024,배,생산량 (톤),53613
경상북도,2019,배,생산량 (톤),21378
경상북도,2020,배,생산량 (톤),10796
경상북도,2021,배,생산량 (톤),22793
경상북도,2022,배,생산량 (톤),27318
경상북도,2023,배,생산량 (톤),19855
경상북도,2024,배,생산량 (톤),20840
경상남도,2019,배,생산량 (톤),5245
경상남도,2020,배,생산량 (톤),2924
경상남도,2021,배,생산량 (톤),4936
경상남도,2022,배,생산량 (톤),6727
경상남도,2023,배,생산량 (톤),2425
경상남도,2024,배,생산량 (톤),5924
강원도,2019,복숭아,면적 (ha),464
강원도,2020,복숭아,면적 (ha),472
강원도,2021,복숭아,면적 (ha),660
강원도,2022,복숭아,면적 (ha),692
강원도,2023,복숭아,면적 (ha),722
강원도,2024,복숭아,면적 (ha),674
전라남도,2019,복숭아,면적 (ha),596
전라남도,2020,복숭아,면적 (ha),598
전라남도,2021,복숭아,면적 (ha),583
전라남도,2022,복숭아,면적 (ha),678
전라남도,2023,복숭아,면적 (ha),669
전라남도,2024,복숭아,면적 (ha),666
경상북도,2019,복숭아,면적 (ha),6884
경상북도,2020,복숭아,면적 (ha),7124
경상북도,2021,복숭아,면적 (ha),7175
경상북도,2022,복숭아,면적 (ha),7146
경상북도,2023,복숭아,면적 (ha),6941
경상북도,2024,복숭아,면적 (ha),7505
경상남도,2019,복숭아,면적 (ha),363
경상남도,2020,복숭아,면적 (ha),380
경상남도,2021,복숭아,면적 (ha),343
경상남도,2022,복숭아,면적 (ha),352
경상남도,2023,복숭아,면적 (ha),340
경상남도,2024,복숭아,면적 (ha),409
강원도,2019,복숭아,10a당 생산량 (kg),910
강원도,2020,복숭아,10a당 생산량 (kg),816
강원도,2021,복숭아,10a당 생산량 (kg),831
강원도,2022,복숭아,10a당 생산량 (kg),830
강원도,2023,복숭아,10a당 생산량 (kg),786
강원도,2024,복숭아,10a당 생산량 (kg),908
전라남도,2019,복숭아,10a당 생산량 (kg),1039
전라남도,2020,복숭아,10a당 생산량 (kg),953
전라남도,2021,복숭아,10a당 생산량 (kg),991
전라남도,2022,복숭아,10a당 생산량 (kg),964
전라남도,2023,복숭아,10a당 생산량 (kg),732
전라남도,2024,복숭아,10a당 생산량 (kg),684
경상북도,2019,복숭아,10a당 생산량 (kg),1535
경상북도,2020,복숭아,10a당 생산량 (kg),1382
경상북도,2021,복숭아,10a당 생산량 (kg),1415
경상북도,2022,복숭아,10a당 생산량 (kg),1417
경상북도,2023,복숭아,10a당 생산량 (kg),1372
경상북도,2024,복숭아,10a당 생산량 (kg),1392
경상남도,2019,복숭아,10a당 생산량 (kg),1343
경상남도,2020,복숭아,10a당 생산량 (kg),1504
경상남도,2021,복숭아,10a당 생산량 (kg),1210
경상남도,2022,복숭아,10a당 생산량 (kg),1226
경상남도,2023,복숭아,10a당 생산량 (kg),1010
경상남도,2024,복숭아,10a당 생산량 (kg),1026
강원도,2019,복숭아,생산량 (톤),4224
강원도,2020,복숭아,생산량 (톤),3851
강원도,2021,복숭아,생산량 (톤),5483
강원도,2022,복숭아,생산량 (톤),5741
강원도,2023,복숭아,생산량 (톤),5679
강원도,2024,복숭아,생산량 (톤),6124
전라남도,2019,복숭아,생산량 (톤),6187
전라남도,2020,복숭아,생산량 (톤),5702
전라남도,2021,복숭아,생산량 (톤),5779
전라남도,2022,복숭아,생산량 (톤),6532
전라남도,2023,복숭아,생산량 (톤),4898
전라남도,2024,복숭아,생산량 (톤),4556
경상북도,2019,복숭아,생산량 (톤),105669
경상북도,2020,복숭아,생산량 (톤),98440
경상북도,2021,복숭아,생산량 (톤),101503
경상북도,2022,복숭아,생산량 (톤),101250
경상북도,2023,복숭아,생산량 (톤),95221
경상북도,2024,복숭아,생산량 (톤),104457
경상남도,2019,복숭아,생산량 (톤),4876
경상남도,2020,복숭아,생산량 (톤),5716
경상남도,2021,복숭아,생산량 (톤),4145
경상남도,2022,복숭아,생산량 (톤),4317
경상남도,2023,복숭아,생산량 (톤),3432
경상남도,2024,복숭아,생산량 (톤),4195
강원도,2019,포도,면적 (ha),208
강원도,2020,포도,면적 (ha),207
강원도,2021,포도,면적 (ha),205
강원도,2022,포도,면적 (ha),209
강원도,2023,포도,면적 (ha),182
강원도,2024,포도,면적 (ha),195
전라남도,2019,포도,면적 (ha),233
전라남도,2020,포도,면적 (ha),214
전라남도,2021,포도,면적 (ha),162
전라남도,2022,포도,면적 (ha),162
전라남도,2023,포도,면적 (ha),213
전라남도,2024,포도,면적 (ha),214
경상북도,2019,포도,면적 (ha),5306
경상북도,2020,포도,면적 (ha),4853
경상북도,2021,포도,면적 (ha),5065
경상북도,2022,포도,면적 (ha),5873
경상북도,2023,포도,면적 (ha),6626
경상북도,2024,포도,면적 (ha),7247
경상남도,2019,포도,면적 (ha),250
경상남도,2020,포도,면적 (ha),245
경상남도,2021,포도,면적 (ha),218
경상남도,2022,포도,면적 (ha),212
경상남도,2023,포도,면적 (ha),250
경상남도,2024,포도,면적 (ha),284
강원도,2019,포도,10a당 생산량 (kg),1180
강원도,2020,포도,10a당 생산량 (kg),1220
강원도,2021,포도,10a당 생산량 (kg),1224
강원도,2022,포도,10a당 생산량 (kg),1165
강원도,2023,포도,10a당 생산량 (kg),1221
강원도,2024,포도,10a당 생산량 (kg),1309
전라남도,2019,포도,10a당 생산량 (kg),1406
전라남도,2020,포도,10a당 생산량 (kg),1162
전라남도,2021,포도,10a당 생산량 (kg),1365
전라남도,2022,포도,10a당 생산량 (kg),1338
전라남도,2023,포도,10a당 생산량 (kg),1288
전라남도,2024,포도,10a당 생산량 (kg),1365
경상북도,2019,포도,10a당 생산량 (kg),1666
경상북도,2020,포도,10a당 생산량 (kg),1855
경상북도,2021,포도,10a당 생산량 (kg),1800
경상북도,2022,포도,10a당 생산량 (kg),1776
경상북도,2023,포도,10a당 생산량 (kg),1644
경상북도,2024,포도,10a당 생산량 (kg),1801
경상남도,2019,포도,10a당 생산량 (kg),2007
경상남도,2020,포도,10a당 생산량 (kg),1663
경상남도,2021,포도,10a당 생산량 (kg),1428
경상남도,2022,포도,10a당 생산량 (kg),1495
경상남도,2023,포도,10a당 생산량 (kg),1378
경상남도,2024,포도,10a당 생산량 (kg),1346
강원도,2019,포도,생산량 (톤),2454
강원도,2020,포도,생산량 (톤),2530
강원도,2021,포도,생산량 (톤),2510
강원도,2022,포도,생산량 (톤),2439
강원도,2023,포도,생산량 (톤),2218
강원도,2024,포도,생산량 (톤),2550
전라남도,2019,포도,생산량 (톤),3275
전라남도,2020,포도,생산량 (톤),2482
전라남도,2021,포도,생산량 (톤),2215
전라남도,2022,포도,생산량 (톤),2163
전라남도,2023,포도,생산량 (톤),2741
전라남도,2024,포도,생산량 (톤),2921
경상북도,2019,포도,생산량 (톤),88416
경상북도,2020,포도,생산량 (톤),90022
경상북도,2021,포도,생산량 (톤),91140
경상북도,2022,포도,생산량 (톤),104288
경상북도,2023,포도,생산량 (톤),108907
경상북도,2024,포도,생산량 (톤),130512
경상남도,2019,포도,생산량 (톤),5023
경상남도,2020,포도,생산량 (톤),4070
경상남도,2021,포도,생산량 (톤),3113
경상남도,2022,포도,생산량 (톤),3176
경상남도,2023,포도,생산량 (톤),3445
경상남도,2024,포도,생산량 (톤),3817
강원도,2019,감귤,면적 (ha),0
강원도,2020,감귤,면적 (ha),0
강원도,2021,감귤,면적 (ha),0
강원도,2022,감귤,면적 (ha),0
강원도,2023,감귤,면적 (ha),0
강원도,2024,감귤,면적 (ha),-
전라남도,2019,감귤,면적 (ha),46
전라남도,2020,감귤,면적 (ha),47
전라남도,2021,감귤,면적 (ha),91
전라남도,2022,감귤,면적 (ha),62
전라남도,2023,감귤,면적 (ha),99
전라남도,2024,감귤,면적 (ha),108
경상북도,2019,감귤,면적 (ha),3
경상북도,2020,감귤,면적 (ha),3
경상북도,2021,감귤,면적 (ha),4
경상북도,2022,감귤,면적 (ha),3
경상북도,2023,감귤,면적 (ha),3
경상북도,2024,감귤,면적 (ha),3
경상남도,2019,감귤,면적 (ha),0
경상남도,2020,감귤,면적 (ha),0
경상남도,2021,감귤,면적 (ha),5
경상남도,2022,감귤,면적 (ha),13
경상남도,2023,감귤,면적 (ha),13
경상남도,2024,감귤,면적 (ha),11
강원도,2019,감귤,10a당 생산량 (kg),0
강원도,2020,감귤,10a당 생산량 (kg),0
강원도,2021,감귤,10a당 생산량 (kg),0
강원도,2022,감귤,10a당 생산량 (kg),0
강원도,2023,감귤,10a당 생산량 (kg),0
강원도,2024,감귤,10a당 생산량 (kg),-
전라남도,2019,감귤,10a당 생산량 (kg),1525
전라남도,2020,감귤,10a당 생산량 (kg),1268
전라남도,2021,감귤,10a당 생산량 (kg),1298
전라남도,2022,감귤,10a당 생산량 (kg),1355
전라남도,2023,감귤,10a당 생산량 (kg),1276
전라남도,2024,감귤,10a당 생산량 (kg),1133
경상북도,2019,감귤,10a당 생산량 (kg),372
경상북도,2020,감귤,10a당 생산량 (kg),1117
경상북도,2021,감귤,10a당 생산량 (kg),1236
경상북도,2022,감귤,10a당 생산량 (kg),1223
경상북도,2023,감귤,10a당 생산량 (kg),1258
경상북도,2024,감귤,10a당 생산량 (kg),1056
경상남도,2019,감귤,10a당 생산량 (kg),1459
경상남도,2020,감귤,10a당 생산량 (kg),781
경상남도,2021,감귤,10a당 생산량 (kg),996
경상남도,2022,감귤,10a당 생산량 (kg),1069
경상남도,2023,감귤,10a당 생산량 (kg),1023
경상남도,2024,감귤,10a당 생산량 (kg),1031
강원도,2019,감귤,생산량 (톤),0
강원도,2020,감귤,생산량 (톤),0
강원도,2021,감귤,생산량 (톤),0
강원도,2022,감귤,생산량 (톤),0
강원도,2023,감귤,생산량 (톤),0
강원도,2024,감귤,생산량 (톤),-
전라남도,2019,감귤,생산량 (톤),707
전라남도,2020,감귤,생산량 (톤),600
전라남도,2021,감귤,생산량 (톤),1175
전라남도,2022,감귤,생산량 (톤),845
전라남도,2023,감귤,생산량 (톤),1258
전라남도,2024,감귤,생산량 (톤),1228
경상북도,2019,감귤,생산량 (톤),12
경상북도,2020,감귤,생산량 (톤),36
경상북도,2021,감귤,생산량 (톤),51
경상북도,2022,감귤,생산량 (톤),37
경상북도,2023,감귤,생산량 (톤),37
경상북도,2024,감귤,생산량 (톤),32
경상남도,2019,감귤,생산량 (톤),2
경상남도,2020,감귤,생산량 (톤),1
경상남도,2021,감귤,생산량 (톤),48
경상남도,2022,감귤,생산량 (톤),142
경상남도,2023,감귤,생산량 (톤),134
경상남도,2024,감귤,생산량 (톤),109
강원도,2019,감,면적 (ha),211
강원도,2020,감,면적 (ha),240
강원도,2021,감,면적 (ha),242
강원도,2022,감,면적 (ha),247
강원도,2023,감,면적 (ha),234
강원도,2024,감,면적 (ha),246
전라남도,2019,감,면적 (ha),4821
전라남도,2020,감,면적 (ha),4588
전라남도,2021,감,면적 (ha),4406
전라남도,2022,감,면적 (ha),4635
전라남도,2023,감,면적 (ha),4465
전라남도,2024,감,면적 (ha),4229
경상북도,2019,감,면적 (ha),4896
경상북도,2020,감,면적 (ha),4848
경상북도,2021,감,면적 (ha),4187
경상북도,2022,감,면적 (ha),4253
경상북도,2023,감,면적 (ha),4058
경상북도,2024,감,면적 (ha),4118
경상남도,2019,감,면적 (ha),6645
경상남도,2020,감,면적 (ha),6390
경상남도,2021,감,면적 (ha),7276
경상남도,2022,감,면적 (ha),7720
경상남도,2023,감,면적 (ha),7561
경상남도,2024,감,면적 (ha),7614
강원도,2019,감,10a당 생산량 (kg),936
강원도,2020,감,10a당 생산량 (kg),807
강원도,2021,감,10a당 생산량 (kg),725
강원도,2022,감,10a당 생산량 (kg),949
강원도,2023,감,10a당 생산량 (kg),853
강원도,2024,감,10a당 생산량 (kg),784
전라남도,2019,감,10a당 생산량 (kg),1089
전라남도,2020,감,10a당 생산량 (kg),794
전라남도,2021,감,10a당 생산량 (kg),752
전라남도,2022,감,10a당 생산량 (kg),814
전라남도,2023,감,10a당 생산량 (kg),692
전라남도,2024,감,10a당 생산량 (kg),866
경상북도,2019,감,10a당 생산량 (kg),1878
경상북도,2020,감,10a당 생산량 (kg),1200
경상북도,2021,감,10a당 생산량 (kg),1239
경상북도,2022,감,10a당 생산량 (kg),1325
경상북도,2023,감,10a당 생산량 (kg),1398
경상북도,2024,감,10a당 생산량 (kg),1498
경상남도,2019,감,10a당 생산량 (kg),1238
경상남도,2020,감,10a당 생산량 (kg),1201
경상남도,2021,감,10a당 생산량 (kg),1218
경상남도,2022,감,10a당 생산량 (kg),1235
경상남도,2023,감,10a당 생산량 (kg),978
경상남도,2024,감,10a당 생산량 (kg),1106
강원도,2019,감,생산량 (톤),1971
강원도,2020,감,생산량 (톤),1940
강원도,2021,감,생산량 (톤),1753
강원도,2022,감,생산량 (톤),2343
강원도,2023,감,생산량 (톤),2000
강원도,2024,감,생산량 (톤),1927
전라남도,2019,감,생산량 (톤),52483
전라남도,2020,감,생산량 (톤),36439
전라남도,2021,감,생산량 (톤),33119
전라남도,2022,감,생산량 (톤),37709
전라남도,2023,감,생산량 (톤),30894
전라남도,2024,감,생산량 (톤),36621
경상북도,2019,감,생산량 (톤),91937
경상북도,2020,감,생산량 (톤),58195
경상북도,2021,감,생산량 (톤),51863
경상북도,2022,감,생산량 (톤),56372
경상북도,2023,감,생산량 (톤),56721
경상북도,2024,감,생산량 (톤),61689
경상남도,2019,감,생산량 (톤),82270
경상남도,2020,감,생산량 (톤),76745
경상남도,2021,감,생산량 (톤),88612
경상남도,2022,감,생산량 (톤),95317
경상남도,2023,감,생산량 (톤),73948
경상남도,2024,감,생산량 (톤),84223
강원도,2019,단감,면적 (ha),3
강원도,2020,단감,면적 (ha),2
강원도,2021,단감,면적 (ha),1
강원도,2022,단감,면적 (ha),5
강원도,2023,단감,면적 (ha),5
강원도,2024,단감,면적 (ha),5
전라남도,2019,단감,면적 (ha),2219
전라남도,2020,단감,면적 (ha),2095
전라남도,2021,단감,면적 (ha),1797
전라남도,2022,단감,면적 (ha),1957
전라남도,2023,단감,면적 (ha),1854
전라남도,2024,단감,면적 (ha),1728
경상북도,2019,단감,면적 (ha),370
경상북도,2020,단감,면적 (ha),347
경상북도,2021,단감,면적 (ha),421
경상북도,2022,단감,면적 (ha),373
경상북도,2023,단감,면적 (ha),342
경상북도,2024,단감,면적 (ha),327
경상남도,2019,단감,면적 (ha),4700
경상남도,2020,단감,면적 (ha),4569
경상남도,2021,단감,면적 (ha),5540
경상남도,2022,단감,면적 (ha),5765
경상남도,2023,단감,면적 (ha),5580
경상남도,2024,단감,면적 (ha),5624
강원도,2019,단감,10a당 생산량 (kg),561
강원도,2020,단감,10a당 생산량 (kg),522
강원도,2021,단감,10a당 생산량 (kg),530
강원도,2022,단감,10a당 생산량 (kg),420
강원도,2023,단감,10a당 생산량 (kg),586
강원도,2024,단감,10a당 생산량 (kg),603
전라남도,2019,단감,10a당 생산량 (kg),1015
전라남도,2020,단감,10a당 생산량 (kg),970
전라남도,2021,단감,10a당 생산량 (kg),1032
전라남도,2022,단감,10a당 생산량 (kg),1050
전라남도,2023,단감,10a당 생산량 (kg),924
전라남도,2024,단감,10a당 생산량 (kg),1094
경상북도,2019,단감,10a당 생산량 (kg),1193
경상북도,2020,단감,10a당 생산량 (kg),969
경상북도,2021,단감,10a당 생산량 (kg),971
경상북도,2022,단감,10a당 생산량 (kg),989
경상북도,2023,단감,10a당 생산량 (kg),829
경상북도,2024,단감,10a당 생산량 (kg),807
경상남도,2019,단감,10a당 생산량 (kg),1354
경상남도,2020,단감,10a당 생산량 (kg),1320
경상남도,2021,단감,10a당 생산량 (kg),1302
경상남도,2022,단감,10a당 생산량 (kg),1304
경상남도,2023,단감,10a당 생산량 (kg),1065
경상남도,2024,단감,10a당 생산량 (kg),1180
강원도,2019,단감,생산량 (톤),14
강원도,2020,단감,생산량 (톤),9
강원도,2021,단감,생산량 (톤),7
강원도,2022,단감,생산량 (톤),20
강원도,2023,단감,생산량 (톤),30
강원도,2024,단감,생산량 (톤),29
전라남도,2019,단감,생산량 (톤),22529
전라남도,2020,단감,생산량 (톤),20320
전라남도,2021,단감,생산량 (톤),18548
전라남도,2022,단감,생산량 (톤),20551
전라남도,2023,단감,생산량 (톤),17132
전라남도,2024,단감,생산량 (톤),18901
경상북도,2019,단감,생산량 (톤),4412
경상북도,2020,단감,생산량 (톤),3358
경상북도,2021,단감,생산량 (톤),4092
경상북도,2022,단감,생산량 (톤),3689
경상북도,2023,단감,생산량 (톤),2832
경상북도,2024,단감,생산량 (톤),2635
경상남도,2019,단감,생산량 (톤),63656
경상남도,2020,단감,생산량 (톤),60307
경상남도,2021,단감,생산량 (톤),72131
경상남도,2022,단감,생산량 (톤),75155
경상남도,2023,단감,생산량 (톤),59399
경상남도,2024,단감,생산량 (톤),66355
강원도,2019,떫은감,면적 (ha),208
강원도,2020,떫은감,면적 (ha),239
강원도,2021,떫은감,면적 (ha),241
강원도,2022,떫은감,면적 (ha),242
강원도,2023,떫은감,면적 (ha),229
강원도,2024,떫은감,면적 (ha),241
전라남도,2019,떫은감,면적 (ha),2602
전라남도,2020,떫은감,면적 (ha),2494
전라남도,2021,떫은감,면적 (ha),2610
전라남도,2022,떫은감,면적 (ha),2677
전라남도,2023,떫은감,면적 (ha),2611
전라남도,2024,떫은감,면적 (ha),2500
경상북도,2019,떫은감,면적 (ha),4526
경상북도,2020,떫은감,면적 (ha),4501
경상북도,2021,떫은감,면적 (ha),3766
경상북도,2022,떫은감,면적 (ha),3880
경상북도,2023,떫은감,면적 (ha),3717
경상북도,2024,떫은감,면적 (ha),3791
경상남도,2019,떫은감,면적 (ha),1945
경상남도,2020,떫은감,면적 (ha),1821
경상남도,2021,떫은감,면적 (ha),1736
경상남도,2022,떫은감,면적 (ha),1955
경상남도,2023,떫은감,면적 (ha),1981
경상남도,2024,떫은감,면적 (ha),1990
강원도,2019,떫은감,10a당 생산량 (kg),940
강원도,2020,떫은감,10a당 생산량 (kg),809
강원도,2021,떫은감,10a당 생산량 (kg),726
강원도,2022,떫은감,10a당 생산량 (kg),960
강원도,2023,떫은감,10a당 생산량 (kg),859
강원도,2024,떫은감,10a당 생산량 (kg),787
전라남도,2019,떫은감,10a당 생산량 (kg),1151
전라남도,2020,떫은감,10a당 생산량 (kg),646
전라남도,2021,떫은감,10a당 생산량 (kg),558
전라남도,2022,떫은감,10a당 생산량 (kg),641
전라남도,2023,떫은감,10a당 생산량 (kg),527
전라남도,2024,떫은감,10a당 생산량 (kg),709
경상북도,2019,떫은감,10a당 생산량 (kg),1934
경상북도,2020,떫은감,10a당 생산량 (kg),1218
경상북도,2021,떫은감,10a당 생산량 (kg),1269
경상북도,2022,떫은감,10a당 생산량 (kg),1358
경상북도,2023,떫은감,10a당 생산량 (kg),1450
경상북도,2024,떫은감,10a당 생산량 (kg),1558
경상남도,2019,떫은감,10a당 생산량 (kg),957
경상남도,2020,떫은감,10a당 생산량 (kg),903
경상남도,2021,떫은감,10a당 생산량 (kg),950
경상남도,2022,떫은감,10a당 생산량 (kg),1031
경상남도,2023,떫은감,10a당 생산량 (kg),734
경상남도,2024,떫은감,10a당 생산량 (kg),898
강원도,2019,떫은감,생산량 (톤),1957
강원도,2020,떫은감,생산량 (톤),1931
강원도,2021,떫은감,생산량 (톤),1746
강원도,2022,떫은감,생산량 (톤),2323
강원도,2023,떫은감,생산량 (톤),1971
강원도,2024,떫은감,생산량 (톤),1899
전라남도,2019,떫은감,생산량 (톤),29954
전라남도,2020,떫은감,생산량 (톤),16119
전라남도,2021,떫은감,생산량 (톤),14571
전라남도,2022,떫은감,생산량 (톤),17158
전라남도,2023,떫은감,생산량 (톤),13762
전라남도,2024,떫은감,생산량 (톤),17720
경상북도,2019,떫은감,생산량 (톤),87525
경상북도,2020,떫은감,생산량 (톤),54836
경상북도,2021,떫은감,생산량 (톤),47771
경상북도,2022,떫은감,생산량 (톤),52683
경상북도,2023,떫은감,생산량 (톤),53889
경상북도,2024,떫은감,생산량 (톤),59055
경상남도,2019,떫은감,생산량 (톤),18614
경상남도,2020,떫은감,생산량 (톤),16439
경상남도,2021,떫은감,생산량 (톤),16481
경상남도,2022,떫은감,생산량 (톤),20162
경상남도,2023,떫은감,생산량 (톤),14549
경상남도,2024,떫은감,생산량 (톤),17868
강원도,2019,자두,면적 (ha),29
강원도,2020,자두,면적 (ha),59
강원도,2021,자두,면적 (ha),79
강원도,2022,자두,면적 (ha),119
강원도,2023,자두,면적 (ha),87
강원도,2024,자두,면적 (ha),83
전라남도,2019,자두,면적 (ha),60
전라남도,2020,자두,면적 (ha),62
전라남도,2021,자두,면적 (ha),49
전라남도,2022,자두,면적 (ha),62
전라남도,2023,자두,면적 (ha),75
전라남도,2024,자두,면적 (ha),62
경상북도,2019,자두,면적 (ha),4377
경상북도,2020,자두,면적 (ha),4472
경상북도,2021,자두,면적 (ha),4552
경상북도,2022,자두,면적 (ha),4426
경상북도,2023,자두,면적 (ha),4318
경상북도,2024,자두,면적 (ha),3742
경상남도,2019,자두,면적 (ha),195
경상남도,2020,자두,면적 (ha),192
경상남도,2021,자두,면적 (ha),202
경상남도,2022,자두,면적 (ha),238
경상남도,2023,자두,면적 (ha),239
경상남도,2024,자두,면적 (ha),282
강원도,2019,자두,10a당 생산량 (kg),752
강원도,2020,자두,10a당 생산량 (kg),706
강원도,2021,자두,10a당 생산량 (kg),820
강원도,2022,자두,10a당 생산량 (kg),816
강원도,2023,자두,10a당 생산량 (kg),753
강원도,2024,자두,10a당 생산량 (kg),765
전라남도,2019,자두,10a당 생산량 (kg),971
전라남도,2020,자두,10a당 생산량 (kg),381
전라남도,2021,자두,10a당 생산량 (kg),374
전라남도,2022,자두,10a당 생산량 (kg),363
전라남도,2023,자두,10a당 생산량 (kg),362
전라남도,2024,자두,10a당 생산량 (kg),332
경상북도,2019,자두,10a당 생산량 (kg),997
경상북도,2020,자두,10a당 생산량 (kg),961
경상북도,2021,자두,10a당 생산량 (kg),956
경상북도,2022,자두,10a당 생산량 (kg),1023
경상북도,2023,자두,10a당 생산량 (kg),969
경상북도,2024,자두,10a당 생산량 (kg),942
경상남도,2019,자두,10a당 생산량 (kg),934
경상남도,2020,자두,10a당 생산량 (kg),1240
경상남도,2021,자두,10a당 생산량 (kg),787
경상남도,2022,자두,10a당 생산량 (kg),766
경상남도,2023,자두,10a당 생산량 (kg),622
경상남도,2024,자두,10a당 생산량 (kg),747
강원도,2019,자두,생산량 (톤),221
강원도,2020,자두,생산량 (톤),417
강원도,2021,자두,생산량 (톤),651
강원도,2022,자두,생산량 (톤),973
강원도,2023,자두,생산량 (톤),657
강원도,2024,자두,생산량 (톤),638
전라남도,2019,자두,생산량 (톤),578
전라남도,2020,자두,생산량 (톤),237
전라남도,2021,자두,생산량 (톤),182
전라남도,2022,자두,생산량 (톤),226
전라남도,2023,자두,생산량 (톤),270
전라남도,2024,자두,생산량 (톤),206
경상북도,2019,자두,생산량 (톤),43631
경상북도,2020,자두,생산량 (톤),42978
경상북도,2021,자두,생산량 (톤),43491
경상북도,2022,자두,생산량 (톤),45284
경상북도,2023,자두,생산량 (톤),41853
경상북도,2024,자두,생산량 (톤),35252
경상남도,2019,자두,생산량 (톤),1822
경상남도,2020,자두,생산량 (톤),2382
경상남도,2021,자두,생산량 (톤),1592
경상남도,2022,자두,생산량 (톤),1825
경상남도,2023,자두,생산량 (톤),1485
경상남도,2024,자두,생산량 (톤),2106
강원도,2019,매실,면적 (ha),129
강원도,2020,매실,면적 (ha),141
강원도,2021,매실,면적 (ha),103
강원도,2022,매실,면적 (ha),86
강원도,2023,매실,면적 (ha),102
강원도,2024,매실,면적 (ha),98
전라남도,2019,매실,면적 (ha),3491
전라남도,2020,매실,면적 (ha),3172
전라남도,2021,매실,면적 (ha),2458
전라남도,2022,매실,면적 (ha),2645
전라남도,2023,매실,면적 (ha),2418
전라남도,2024,매실,면적 (ha),2243
경상북도,2019,매실,면적 (ha),552
경상북도,2020,매실,면적 (ha),488
경상북도,2021,매실,면적 (ha),332
경상북도,2022,매실,면적 (ha),294
경상북도,2023,매실,면적 (ha),256
경상북도,2024,매실,면적 (ha),227
경상남도,2019,매실,면적 (ha),1379
경상남도,2020,매실,면적 (ha),1235
경상남도,2021,매실,면적 (ha),1051
경상남도,2022,매실,면적 (ha),1177
경상남도,2023,매실,면적 (ha),1081
경상남도,2024,매실,면적 (ha),991
강원도,2019,매실,10a당 생산량 (kg),302
강원도,2020,매실,10a당 생산량 (kg),451
강원도,2021,매실,10a당 생산량 (kg),466
강원도,2022,매실,10a당 생산량 (kg),445
강원도,2023,매실,10a당 생산량 (kg),414
강원도,2024,매실,10a당 생산량 (kg),425
전라남도,2019,매실,10a당 생산량 (kg),570
전라남도,2020,매실,10a당 생산량 (kg),465
전라남도,2021,매실,10a당 생산량 (kg),469
전라남도,2022,매실,10a당 생산량 (kg),489
전라남도,2023,매실,10a당 생산량 (kg),443
전라남도,2024,매실,10a당 생산량 (kg),383
경상북도,2019,매실,10a당 생산량 (kg),525
경상북도,2020,매실,10a당 생산량 (kg),495
경상북도,2021,매실,10a당 생산량 (kg),493
경상북도,2022,매실,10a당 생산량 (kg),501
경상북도,2023,매실,10a당 생산량 (kg),504
경상북도,2024,매실,10a당 생산량 (kg),496
경상남도,2019,매실,10a당 생산량 (kg),733
경상남도,2020,매실,10a당 생산량 (kg),793
경상남도,2021,매실,10a당 생산량 (kg),759
경상남도,2022,매실,10a당 생산량 (kg),630
경상남도,2023,매실,10a당 생산량 (kg),532
경상남도,2024,매실,10a당 생산량 (kg),584
강원도,2019,매실,생산량 (톤),388
강원도,2020,매실,생산량 (톤),633
강원도,2021,매실,생산량 (톤),481
강원도,2022,매실,생산량 (톤),381
강원도,2023,매실,생산량 (톤),422
강원도,2024,매실,생산량 (톤),415
전라남도,2019,매실,생산량 (톤),19882
전라남도,2020,매실,생산량 (톤),14739
전라남도,2021,매실,생산량 (톤),11523
전라남도,2022,매실,생산량 (톤),12924
전라남도,2023,매실,생산량 (톤),10699
전라남도,2024,매실,생산량 (톤),8596
경상북도,2019,매실,생산량 (톤),2894
경상북도,2020,매실,생산량 (톤),2414
경상북도,2021,매실,생산량 (톤),1638
경상북도,2022,매실,생산량 (톤),1474
경상북도,2023,매실,생산량 (톤),1290
경상북도,2024,매실,생산량 (톤),1123
경상남도,2019,매실,생산량 (톤),10108
경상남도,2020,매실,생산량 (톤),9794
경상남도,2021,매실,생산량 (톤),7982
경상남도,2022,매실,생산량 (톤),7418
경상남도,2023,매실,생산량 (톤),5751
경상남도,2024,매실,생산량 (톤),5787
